{"_wandb": {"runtime": 64}, "global_step": 0, "_timestamp": 1711865398.600499, "Eval_AverageReturn": 575.2471923828125, "Eval_StdReturn": 278.0268859863281, "Eval_MaxReturn": 853.2740478515625, "Eval_MinReturn": 297.22027587890625, "Eval_AverageEpLen": 590.5, "Train_AverageReturn": 4713.6533203125, "Train_StdReturn": 12.196533203125, "Train_MaxReturn": 4725.849609375, "Train_MinReturn": 4701.45654296875, "Train_AverageEpLen": 1000.0, "Train_EnvstepsSoFar": 0.0, "TimeSinceStart": 19.519432067871094, "Training_Loss": 0.08561759442090988, "Initial_DataCollection_AverageReturn": 4713.6533203125, "_runtime": 65.06097793579102, "_step": 0}